city,neighbourhood,month,median_price,currency
Nairobi,Karen,2024-01,69400.0,KES
Nairobi,Karen,2024-02,65400.0,KES
Nairobi,Karen,2024-03,62900.0,KES
Nairobi,Karen,2024-04,69100.0,KES
Nairobi,Karen,2024-05,69200.0,KES
Nairobi,Karen,2024-06,62800.0,KES
Nairobi,Karen,2024-07,68000.0,KES
Nairobi,Karen,2024-08,71400.0,KES
Nairobi,Karen,2024-09,80900.0,KES
Nairobi,Karen,2024-10,76500.0,KES
Nairobi,Karen,2024-11,73100.0,KES
Nairobi,Karen,2024-12,74100.0,KES
Nairobi,Karen,2025-01,79100.0,KES
Nairobi,Karen,2025-02,82500.0,KES
Nairobi,Karen,2025-03,70400.0,KES
Nairobi,Karen,2025-04,74000.0,KES
Nairobi,Karen,2025-05,74000.0,KES
Nairobi,Karen,2025-06,72200.0,KES
Nairobi,Karen,2025-07,72200.0,KES
Nairobi,Karen,2025-08,74500.0,KES
Nairobi,Karen,2025-09,87900.0,KES
Nairobi,Karen,2025-10,87100.0,KES
Nairobi,Karen,2025-11,76000.0,KES
Nairobi,Karen,2025-12,74000.0,KES
Nairobi,Runda,2024-01,67900.0,KES
Nairobi,Runda,2024-02,68600.0,KES
Nairobi,Runda,2024-03,65300.0,KES
Nairobi,Runda,2024-04,62900.0,KES
Nairobi,Runda,2024-05,68600.0,KES
Nairobi,Runda,2024-06,66700.0,KES
Nairobi,Runda,2024-07,68500.0,KES
Nairobi,Runda,2024-08,64700.0,KES
Nairobi,Runda,2024-09,75400.0,KES
Nairobi,Runda,2024-10,74300.0,KES
Nairobi,Runda,2024-11,71000.0,KES
Nairobi,Runda,2024-12,69600.0,KES
Nairobi,Runda,2025-01,73200.0,KES
Nairobi,Runda,2025-02,75700.0,KES
Nairobi,Runda,2025-03,75700.0,KES
Nairobi,Runda,2025-04,74100.0,KES
Nairobi,Runda,2025-05,72200.0,KES
Nairobi,Runda,2025-06,74100.0,KES
Nairobi,Runda,2025-07,77000.0,KES
Nairobi,Runda,2025-08,75500.0,KES
Nairobi,Runda,2025-09,82900.0,KES
Nairobi,Runda,2025-10,81300.0,KES
Nairobi,Runda,2025-11,81400.0,KES
Nairobi,Runda,2025-12,76800.0,KES
Nairobi,Westlands,2024-01,68800.0,KES
Nairobi,Westlands,2024-02,67300.0,KES
Nairobi,Westlands,2024-03,62900.0,KES
Nairobi,Westlands,2024-04,63100.0,KES
Nairobi,Westlands,2024-05,65100.0,KES
Nairobi,Westlands,2024-06,66500.0,KES
Nairobi,Westlands,2024-07,62100.0,KES
Nairobi,Westlands,2024-08,67500.0,KES
Nairobi,Westlands,2024-09,74100.0,KES
Nairobi,Westlands,2024-10,76200.0,KES
Nairobi,Westlands,2024-11,67100.0,KES
Nairobi,Westlands,2024-12,71500.0,KES
Nairobi,Westlands,2025-01,71400.0,KES
Nairobi,Westlands,2025-02,73300.0,KES
Nairobi,Westlands,2025-03,68400.0,KES
Nairobi,Westlands,2025-04,70400.0,KES
Nairobi,Westlands,2025-05,71800.0,KES
Nairobi,Westlands,2025-06,72600.0,KES
Nairobi,Westlands,2025-07,73600.0,KES
Nairobi,Westlands,2025-08,76200.0,KES
Nairobi,Westlands,2025-09,75400.0,KES
Nairobi,Westlands,2025-10,82300.0,KES
Nairobi,Westlands,2025-11,74300.0,KES
Nairobi,Westlands,2025-12,74000.0,KES
Nairobi,Kilimani,2024-01,41000.0,KES
Nairobi,Kilimani,2024-02,41600.0,KES
Nairobi,Kilimani,2024-03,34200.0,KES
Nairobi,Kilimani,2024-04,34000.0,KES
Nairobi,Kilimani,2024-05,34800.0,KES
Nairobi,Kilimani,2024-06,38500.0,KES
Nairobi,Kilimani,2024-07,36500.0,KES
Nairobi,Kilimani,2024-08,36600.0,KES
Nairobi,Kilimani,2024-09,47000.0,KES
Nairobi,Kilimani,2024-10,43800.0,KES
Nairobi,Kilimani,2024-11,37700.0,KES
Nairobi,Kilimani,2024-12,38500.0,KES
Nairobi,Kilimani,2025-01,45100.0,KES
Nairobi,Kilimani,2025-02,43600.0,KES
Nairobi,Kilimani,2025-03,37100.0,KES
Nairobi,Kilimani,2025-04,39700.0,KES
Nairobi,Kilimani,2025-05,38400.0,KES
Nairobi,Kilimani,2025-06,39800.0,KES
Nairobi,Kilimani,2025-07,39800.0,KES
Nairobi,Kilimani,2025-08,39000.0,KES
Nairobi,Kilimani,2025-09,43600.0,KES
Nairobi,Kilimani,2025-10,43300.0,KES
Nairobi,Kilimani,2025-11,39700.0,KES
Nairobi,Kilimani,2025-12,43000.0,KES
Nairobi,Lavington,2024-01,38900.0,KES
Nairobi,Lavington,2024-02,40800.0,KES
Nairobi,Lavington,2024-03,36900.0,KES
Nairobi,Lavington,2024-04,37400.0,KES
Nairobi,Lavington,2024-05,34900.0,KES
Nairobi,Lavington,2024-06,35800.0,KES
Nairobi,Lavington,2024-07,38700.0,KES
Nairobi,Lavington,2024-08,37800.0,KES
Nairobi,Lavington,2024-09,42600.0,KES
Nairobi,Lavington,2024-10,41900.0,KES
Nairobi,Lavington,2024-11,41200.0,KES
Nairobi,Lavington,2024-12,38100.0,KES
Nairobi,Lavington,2025-01,45700.0,KES
Nairobi,Lavington,2025-02,47200.0,KES
Nairobi,Lavington,2025-03,37200.0,KES
Nairobi,Lavington,2025-04,38600.0,KES
Nairobi,Lavington,2025-05,41500.0,KES
Nairobi,Lavington,2025-06,41400.0,KES
Nairobi,Lavington,2025-07,36300.0,KES
Nairobi,Lavington,2025-08,41600.0,KES
Nairobi,Lavington,2025-09,45800.0,KES
Nairobi,Lavington,2025-10,49400.0,KES
Nairobi,Lavington,2025-11,38300.0,KES
Nairobi,Lavington,2025-12,42300.0,KES
Nairobi,Ngong Road,2024-01,42900.0,KES
Nairobi,Ngong Road,2024-02,39100.0,KES
Nairobi,Ngong Road,2024-03,34600.0,KES
Nairobi,Ngong Road,2024-04,34600.0,KES
Nairobi,Ngong Road,2024-05,34100.0,KES
Nairobi,Ngong Road,2024-06,37900.0,KES
Nairobi,Ngong Road,2024-07,35300.0,KES
Nairobi,Ngong Road,2024-08,35500.0,KES
Nairobi,Ngong Road,2024-09,46400.0,KES
Nairobi,Ngong Road,2024-10,42000.0,KES
Nairobi,Ngong Road,2024-11,35800.0,KES
Nairobi,Ngong Road,2024-12,40700.0,KES
Nairobi,Ngong Road,2025-01,44100.0,KES
Nairobi,Ngong Road,2025-02,43700.0,KES
Nairobi,Ngong Road,2025-03,35000.0,KES
Nairobi,Ngong Road,2025-04,38800.0,KES
Nairobi,Ngong Road,2025-05,37800.0,KES
Nairobi,Ngong Road,2025-06,39700.0,KES
Nairobi,Ngong Road,2025-07,41600.0,KES
Nairobi,Ngong Road,2025-08,41000.0,KES
Nairobi,Ngong Road,2025-09,45100.0,KES
Nairobi,Ngong Road,2025-10,46800.0,KES
Nairobi,Ngong Road,2025-11,40500.0,KES
Nairobi,Ngong Road,2025-12,42000.0,KES
Nairobi,Kasarani,2024-01,21000.0,KES
Nairobi,Kasarani,2024-02,21100.0,KES
Nairobi,Kasarani,2024-03,20100.0,KES
Nairobi,Kasarani,2024-04,19200.0,KES
Nairobi,Kasarani,2024-05,21000.0,KES
Nairobi,Kasarani,2024-06,20300.0,KES
Nairobi,Kasarani,2024-07,18700.0,KES
Nairobi,Kasarani,2024-08,21600.0,KES
Nairobi,Kasarani,2024-09,22200.0,KES
Nairobi,Kasarani,2024-10,20600.0,KES
Nairobi,Kasarani,2024-11,20800.0,KES
Nairobi,Kasarani,2024-12,20800.0,KES
Nairobi,Kasarani,2025-01,25500.0,KES
Nairobi,Kasarani,2025-02,22300.0,KES
Nairobi,Kasarani,2025-03,20600.0,KES
Nairobi,Kasarani,2025-04,19800.0,KES
Nairobi,Kasarani,2025-05,22100.0,KES
Nairobi,Kasarani,2025-06,21700.0,KES
Nairobi,Kasarani,2025-07,21100.0,KES
Nairobi,Kasarani,2025-08,21400.0,KES
Nairobi,Kasarani,2025-09,24700.0,KES
Nairobi,Kasarani,2025-10,26000.0,KES
Nairobi,Kasarani,2025-11,21800.0,KES
Nairobi,Kasarani,2025-12,21100.0,KES
Nairobi,Eastleigh,2024-01,21900.0,KES
Nairobi,Eastleigh,2024-02,21600.0,KES
Nairobi,Eastleigh,2024-03,19900.0,KES
Nairobi,Eastleigh,2024-04,19600.0,KES
Nairobi,Eastleigh,2024-05,19800.0,KES
Nairobi,Eastleigh,2024-06,19300.0,KES
Nairobi,Eastleigh,2024-07,22700.0,KES
Nairobi,Eastleigh,2024-08,22300.0,KES
Nairobi,Eastleigh,2024-09,24100.0,KES
Nairobi,Eastleigh,2024-10,22100.0,KES
Nairobi,Eastleigh,2024-11,20600.0,KES
Nairobi,Eastleigh,2024-12,20400.0,KES
Nairobi,Eastleigh,2025-01,24600.0,KES
Nairobi,Eastleigh,2025-02,23400.0,KES
Nairobi,Eastleigh,2025-03,22200.0,KES
Nairobi,Eastleigh,2025-04,22300.0,KES
Nairobi,Eastleigh,2025-05,22700.0,KES
Nairobi,Eastleigh,2025-06,22300.0,KES
Nairobi,Eastleigh,2025-07,21900.0,KES
Nairobi,Eastleigh,2025-08,25000.0,KES
Nairobi,Eastleigh,2025-09,24800.0,KES
Nairobi,Eastleigh,2025-10,26900.0,KES
Nairobi,Eastleigh,2025-11,22700.0,KES
Nairobi,Eastleigh,2025-12,25600.0,KES
Nairobi,Mukuru,2024-01,21300.0,KES
Nairobi,Mukuru,2024-02,20500.0,KES
Nairobi,Mukuru,2024-03,19200.0,KES
Nairobi,Mukuru,2024-04,20600.0,KES
Nairobi,Mukuru,2024-05,18200.0,KES
Nairobi,Mukuru,2024-06,19600.0,KES
Nairobi,Mukuru,2024-07,19500.0,KES
Nairobi,Mukuru,2024-08,20600.0,KES
Nairobi,Mukuru,2024-09,23700.0,KES
Nairobi,Mukuru,2024-10,20900.0,KES
Nairobi,Mukuru,2024-11,22900.0,KES
Nairobi,Mukuru,2024-12,19900.0,KES
Nairobi,Mukuru,2025-01,23300.0,KES
Nairobi,Mukuru,2025-02,22600.0,KES
Nairobi,Mukuru,2025-03,21900.0,KES
Nairobi,Mukuru,2025-04,20100.0,KES
Nairobi,Mukuru,2025-05,21500.0,KES
Nairobi,Mukuru,2025-06,21900.0,KES
Nairobi,Mukuru,2025-07,21800.0,KES
Nairobi,Mukuru,2025-08,21500.0,KES
Nairobi,Mukuru,2025-09,23200.0,KES
Nairobi,Mukuru,2025-10,25800.0,KES
Nairobi,Mukuru,2025-11,22600.0,KES
Nairobi,Mukuru,2025-12,23600.0,KES
Nairobi,Githurai,2024-01,20000.0,KES
Nairobi,Githurai,2024-02,20700.0,KES
Nairobi,Githurai,2024-03,19300.0,KES
Nairobi,Githurai,2024-04,17600.0,KES
Nairobi,Githurai,2024-05,18900.0,KES
Nairobi,Githurai,2024-06,19000.0,KES
Nairobi,Githurai,2024-07,18900.0,KES
Nairobi,Githurai,2024-08,20000.0,KES
Nairobi,Githurai,2024-09,20100.0,KES
Nairobi,Githurai,2024-10,19600.0,KES
Nairobi,Githurai,2024-11,20100.0,KES
Nairobi,Githurai,2024-12,19700.0,KES
Nairobi,Githurai,2025-01,22200.0,KES
Nairobi,Githurai,2025-02,20100.0,KES
Nairobi,Githurai,2025-03,20000.0,KES
Nairobi,Githurai,2025-04,20000.0,KES
Nairobi,Githurai,2025-05,20000.0,KES
Nairobi,Githurai,2025-06,21200.0,KES
Nairobi,Githurai,2025-07,21200.0,KES
Nairobi,Githurai,2025-08,18400.0,KES
Nairobi,Githurai,2025-09,22600.0,KES
Nairobi,Githurai,2025-10,21900.0,KES
Nairobi,Githurai,2025-11,22000.0,KES
Nairobi,Githurai,2025-12,21500.0,KES
Mombasa,Nyali,2024-01,45500.0,KES
Mombasa,Nyali,2024-02,44900.0,KES
Mombasa,Nyali,2024-03,40200.0,KES
Mombasa,Nyali,2024-04,41900.0,KES
Mombasa,Nyali,2024-05,41200.0,KES
Mombasa,Nyali,2024-06,40200.0,KES
Mombasa,Nyali,2024-07,38600.0,KES
Mombasa,Nyali,2024-08,44900.0,KES
Mombasa,Nyali,2024-09,43200.0,KES
Mombasa,Nyali,2024-10,47300.0,KES
Mombasa,Nyali,2024-11,43300.0,KES
Mombasa,Nyali,2024-12,41900.0,KES
Mombasa,Nyali,2025-01,46800.0,KES
Mombasa,Nyali,2025-02,49400.0,KES
Mombasa,Nyali,2025-03,42400.0,KES
Mombasa,Nyali,2025-04,46600.0,KES
Mombasa,Nyali,2025-05,45400.0,KES
Mombasa,Nyali,2025-06,43900.0,KES
Mombasa,Nyali,2025-07,48900.0,KES
Mombasa,Nyali,2025-08,47500.0,KES
Mombasa,Nyali,2025-09,50600.0,KES
Mombasa,Nyali,2025-10,49400.0,KES
Mombasa,Nyali,2025-11,45600.0,KES
Mombasa,Nyali,2025-12,46400.0,KES
Mombasa,Shanzu,2024-01,43100.0,KES
Mombasa,Shanzu,2024-02,43000.0,KES
Mombasa,Shanzu,2024-03,41700.0,KES
Mombasa,Shanzu,2024-04,42800.0,KES
Mombasa,Shanzu,2024-05,42500.0,KES
Mombasa,Shanzu,2024-06,41000.0,KES
Mombasa,Shanzu,2024-07,42600.0,KES
Mombasa,Shanzu,2024-08,43400.0,KES
Mombasa,Shanzu,2024-09,44000.0,KES
Mombasa,Shanzu,2024-10,46400.0,KES
Mombasa,Shanzu,2024-11,44200.0,KES
Mombasa,Shanzu,2024-12,46000.0,KES
Mombasa,Shanzu,2025-01,46700.0,KES
Mombasa,Shanzu,2025-02,47700.0,KES
Mombasa,Shanzu,2025-03,45500.0,KES
Mombasa,Shanzu,2025-04,44500.0,KES
Mombasa,Shanzu,2025-05,46300.0,KES
Mombasa,Shanzu,2025-06,46500.0,KES
Mombasa,Shanzu,2025-07,52700.0,KES
Mombasa,Shanzu,2025-08,49500.0,KES
Mombasa,Shanzu,2025-09,52800.0,KES
Mombasa,Shanzu,2025-10,50400.0,KES
Mombasa,Shanzu,2025-11,51900.0,KES
Mombasa,Shanzu,2025-12,49400.0,KES
Mombasa,Bamburi,2024-01,23600.0,KES
Mombasa,Bamburi,2024-02,26500.0,KES
Mombasa,Bamburi,2024-03,23600.0,KES
Mombasa,Bamburi,2024-04,22600.0,KES
Mombasa,Bamburi,2024-05,22000.0,KES
Mombasa,Bamburi,2024-06,21900.0,KES
Mombasa,Bamburi,2024-07,22500.0,KES
Mombasa,Bamburi,2024-08,22500.0,KES
Mombasa,Bamburi,2024-09,25500.0,KES
Mombasa,Bamburi,2024-10,26800.0,KES
Mombasa,Bamburi,2024-11,23400.0,KES
Mombasa,Bamburi,2024-12,24000.0,KES
Mombasa,Bamburi,2025-01,29000.0,KES
Mombasa,Bamburi,2025-02,26200.0,KES
Mombasa,Bamburi,2025-03,23000.0,KES
Mombasa,Bamburi,2025-04,25100.0,KES
Mombasa,Bamburi,2025-05,25400.0,KES
Mombasa,Bamburi,2025-06,26600.0,KES
Mombasa,Bamburi,2025-07,23900.0,KES
Mombasa,Bamburi,2025-08,24400.0,KES
Mombasa,Bamburi,2025-09,29300.0,KES
Mombasa,Bamburi,2025-10,28600.0,KES
Mombasa,Bamburi,2025-11,26200.0,KES
Mombasa,Bamburi,2025-12,26000.0,KES
Mombasa,Mtwapa,2024-01,24300.0,KES
Mombasa,Mtwapa,2024-02,24700.0,KES
Mombasa,Mtwapa,2024-03,21400.0,KES
Mombasa,Mtwapa,2024-04,22600.0,KES
Mombasa,Mtwapa,2024-05,20900.0,KES
Mombasa,Mtwapa,2024-06,23700.0,KES
Mombasa,Mtwapa,2024-07,22600.0,KES
Mombasa,Mtwapa,2024-08,22600.0,KES
Mombasa,Mtwapa,2024-09,26500.0,KES
Mombasa,Mtwapa,2024-10,26400.0,KES
Mombasa,Mtwapa,2024-11,21600.0,KES
Mombasa,Mtwapa,2024-12,24200.0,KES
Mombasa,Mtwapa,2025-01,26000.0,KES
Mombasa,Mtwapa,2025-02,26500.0,KES
Mombasa,Mtwapa,2025-03,22800.0,KES
Mombasa,Mtwapa,2025-04,24100.0,KES
Mombasa,Mtwapa,2025-05,23500.0,KES
Mombasa,Mtwapa,2025-06,22800.0,KES
Mombasa,Mtwapa,2025-07,24500.0,KES
Mombasa,Mtwapa,2025-08,24300.0,KES
Mombasa,Mtwapa,2025-09,27400.0,KES
Mombasa,Mtwapa,2025-10,29000.0,KES
Mombasa,Mtwapa,2025-11,24000.0,KES
Mombasa,Mtwapa,2025-12,24700.0,KES
Mombasa,Likoni,2024-01,14000.0,KES
Mombasa,Likoni,2024-02,13700.0,KES
Mombasa,Likoni,2024-03,12800.0,KES
Mombasa,Likoni,2024-04,13900.0,KES
Mombasa,Likoni,2024-05,12500.0,KES
Mombasa,Likoni,2024-06,11900.0,KES
Mombasa,Likoni,2024-07,12300.0,KES
Mombasa,Likoni,2024-08,13400.0,KES
Mombasa,Likoni,2024-09,13700.0,KES
Mombasa,Likoni,2024-10,14500.0,KES
Mombasa,Likoni,2024-11,12400.0,KES
Mombasa,Likoni,2024-12,13100.0,KES
Mombasa,Likoni,2025-01,14100.0,KES
Mombasa,Likoni,2025-02,15000.0,KES
Mombasa,Likoni,2025-03,13900.0,KES
Mombasa,Likoni,2025-04,14400.0,KES
Mombasa,Likoni,2025-05,13400.0,KES
Mombasa,Likoni,2025-06,13100.0,KES
Mombasa,Likoni,2025-07,13500.0,KES
Mombasa,Likoni,2025-08,13100.0,KES
Mombasa,Likoni,2025-09,15300.0,KES
Mombasa,Likoni,2025-10,14400.0,KES
Mombasa,Likoni,2025-11,13900.0,KES
Mombasa,Likoni,2025-12,13500.0,KES
Mombasa,Kisauni,2024-01,13500.0,KES
Mombasa,Kisauni,2024-02,12400.0,KES
Mombasa,Kisauni,2024-03,11900.0,KES
Mombasa,Kisauni,2024-04,13000.0,KES
Mombasa,Kisauni,2024-05,12300.0,KES
Mombasa,Kisauni,2024-06,12500.0,KES
Mombasa,Kisauni,2024-07,12400.0,KES
Mombasa,Kisauni,2024-08,12600.0,KES
Mombasa,Kisauni,2024-09,13900.0,KES
Mombasa,Kisauni,2024-10,15200.0,KES
Mombasa,Kisauni,2024-11,13900.0,KES
Mombasa,Kisauni,2024-12,14600.0,KES
Mombasa,Kisauni,2025-01,15600.0,KES
Mombasa,Kisauni,2025-02,14700.0,KES
Mombasa,Kisauni,2025-03,13900.0,KES
Mombasa,Kisauni,2025-04,13300.0,KES
Mombasa,Kisauni,2025-05,14200.0,KES
Mombasa,Kisauni,2025-06,14500.0,KES
Mombasa,Kisauni,2025-07,14000.0,KES
Mombasa,Kisauni,2025-08,13700.0,KES
Mombasa,Kisauni,2025-09,16500.0,KES
Mombasa,Kisauni,2025-10,16400.0,KES
Mombasa,Kisauni,2025-11,14400.0,KES
Mombasa,Kisauni,2025-12,15300.0,KES
Kampala,Kololo,2024-01,2435400.0,UGX
Kampala,Kololo,2024-02,2330500.0,UGX
Kampala,Kololo,2024-03,2355000.0,UGX
Kampala,Kololo,2024-04,2139100.0,UGX
Kampala,Kololo,2024-05,2267300.0,UGX
Kampala,Kololo,2024-06,2261400.0,UGX
Kampala,Kololo,2024-07,2106000.0,UGX
Kampala,Kololo,2024-08,2273400.0,UGX
Kampala,Kololo,2024-09,2463100.0,UGX
Kampala,Kololo,2024-10,2676100.0,UGX
Kampala,Kololo,2024-11,2369600.0,UGX
Kampala,Kololo,2024-12,2417700.0,UGX
Kampala,Kololo,2025-01,2521100.0,UGX
Kampala,Kololo,2025-02,2780600.0,UGX
Kampala,Kololo,2025-03,2502300.0,UGX
Kampala,Kololo,2025-04,2502900.0,UGX
Kampala,Kololo,2025-05,2541700.0,UGX
Kampala,Kololo,2025-06,2541000.0,UGX
Kampala,Kololo,2025-07,2504000.0,UGX
Kampala,Kololo,2025-08,2622800.0,UGX
Kampala,Kololo,2025-09,2601400.0,UGX
Kampala,Kololo,2025-10,2544900.0,UGX
Kampala,Kololo,2025-11,2596800.0,UGX
Kampala,Kololo,2025-12,2700400.0,UGX
Kampala,Nakasero,2024-01,2436600.0,UGX
Kampala,Nakasero,2024-02,2475500.0,UGX
Kampala,Nakasero,2024-03,2164000.0,UGX
Kampala,Nakasero,2024-04,2236700.0,UGX
Kampala,Nakasero,2024-05,2491600.0,UGX
Kampala,Nakasero,2024-06,2294400.0,UGX
Kampala,Nakasero,2024-07,2243300.0,UGX
Kampala,Nakasero,2024-08,2241000.0,UGX
Kampala,Nakasero,2024-09,2834900.0,UGX
Kampala,Nakasero,2024-10,2634200.0,UGX
Kampala,Nakasero,2024-11,2304900.0,UGX
Kampala,Nakasero,2024-12,2393400.0,UGX
Kampala,Nakasero,2025-01,2764200.0,UGX
Kampala,Nakasero,2025-02,2727200.0,UGX
Kampala,Nakasero,2025-03,2604700.0,UGX
Kampala,Nakasero,2025-04,2398000.0,UGX
Kampala,Nakasero,2025-05,2414400.0,UGX
Kampala,Nakasero,2025-06,2638400.0,UGX
Kampala,Nakasero,2025-07,2860000.0,UGX
Kampala,Nakasero,2025-08,2778100.0,UGX
Kampala,Nakasero,2025-09,3003600.0,UGX
Kampala,Nakasero,2025-10,2891100.0,UGX
Kampala,Nakasero,2025-11,2808600.0,UGX
Kampala,Nakasero,2025-12,2769000.0,UGX
Kampala,Ntinda,2024-01,1347600.0,UGX
Kampala,Ntinda,2024-02,1379700.0,UGX
Kampala,Ntinda,2024-03,1209500.0,UGX
Kampala,Ntinda,2024-04,1188300.0,UGX
Kampala,Ntinda,2024-05,1180800.0,UGX
Kampala,Ntinda,2024-06,1184600.0,UGX
Kampala,Ntinda,2024-07,1190200.0,UGX
Kampala,Ntinda,2024-08,1171300.0,UGX
Kampala,Ntinda,2024-09,1388500.0,UGX
Kampala,Ntinda,2024-10,1465700.0,UGX
Kampala,Ntinda,2024-11,1341800.0,UGX
Kampala,Ntinda,2024-12,1297800.0,UGX
Kampala,Ntinda,2025-01,1427500.0,UGX
Kampala,Ntinda,2025-02,1432800.0,UGX
Kampala,Ntinda,2025-03,1292600.0,UGX
Kampala,Ntinda,2025-04,1279200.0,UGX
Kampala,Ntinda,2025-05,1311700.0,UGX
Kampala,Ntinda,2025-06,1290100.0,UGX
Kampala,Ntinda,2025-07,1378800.0,UGX
Kampala,Ntinda,2025-08,1237000.0,UGX
Kampala,Ntinda,2025-09,1524100.0,UGX
Kampala,Ntinda,2025-10,1388100.0,UGX
Kampala,Ntinda,2025-11,1342200.0,UGX
Kampala,Ntinda,2025-12,1295100.0,UGX
Kampala,Bukoto,2024-01,1265500.0,UGX
Kampala,Bukoto,2024-02,1251800.0,UGX
Kampala,Bukoto,2024-03,1273000.0,UGX
Kampala,Bukoto,2024-04,1194900.0,UGX
Kampala,Bukoto,2024-05,1255900.0,UGX
Kampala,Bukoto,2024-06,1178200.0,UGX
Kampala,Bukoto,2024-07,1225400.0,UGX
Kampala,Bukoto,2024-08,1296200.0,UGX
Kampala,Bukoto,2024-09,1267900.0,UGX
Kampala,Bukoto,2024-10,1407300.0,UGX
Kampala,Bukoto,2024-11,1176000.0,UGX
Kampala,Bukoto,2024-12,1156300.0,UGX
Kampala,Bukoto,2025-01,1360700.0,UGX
Kampala,Bukoto,2025-02,1384600.0,UGX
Kampala,Bukoto,2025-03,1328200.0,UGX
Kampala,Bukoto,2025-04,1314800.0,UGX
Kampala,Bukoto,2025-05,1198500.0,UGX
Kampala,Bukoto,2025-06,1310000.0,UGX
Kampala,Bukoto,2025-07,1342900.0,UGX
Kampala,Bukoto,2025-08,1235600.0,UGX
Kampala,Bukoto,2025-09,1387400.0,UGX
Kampala,Bukoto,2025-10,1327500.0,UGX
Kampala,Bukoto,2025-11,1331000.0,UGX
Kampala,Bukoto,2025-12,1242300.0,UGX
Kampala,Kireka,2024-01,681700.0,UGX
Kampala,Kireka,2024-02,717800.0,UGX
Kampala,Kireka,2024-03,619900.0,UGX
Kampala,Kireka,2024-04,680300.0,UGX
Kampala,Kireka,2024-05,664700.0,UGX
Kampala,Kireka,2024-06,688800.0,UGX
Kampala,Kireka,2024-07,657400.0,UGX
Kampala,Kireka,2024-08,674500.0,UGX
Kampala,Kireka,2024-09,758200.0,UGX
Kampala,Kireka,2024-10,779600.0,UGX
Kampala,Kireka,2024-11,677100.0,UGX
Kampala,Kireka,2024-12,669200.0,UGX
Kampala,Kireka,2025-01,752000.0,UGX
Kampala,Kireka,2025-02,808900.0,UGX
Kampala,Kireka,2025-03,742100.0,UGX
Kampala,Kireka,2025-04,661700.0,UGX
Kampala,Kireka,2025-05,685300.0,UGX
Kampala,Kireka,2025-06,697000.0,UGX
Kampala,Kireka,2025-07,706800.0,UGX
Kampala,Kireka,2025-08,710100.0,UGX
Kampala,Kireka,2025-09,863700.0,UGX
Kampala,Kireka,2025-10,757200.0,UGX
Kampala,Kireka,2025-11,725700.0,UGX
Kampala,Kireka,2025-12,772500.0,UGX
Kampala,Naalya,2024-01,776000.0,UGX
Kampala,Naalya,2024-02,756200.0,UGX
Kampala,Naalya,2024-03,666100.0,UGX
Kampala,Naalya,2024-04,628400.0,UGX
Kampala,Naalya,2024-05,672700.0,UGX
Kampala,Naalya,2024-06,690200.0,UGX
Kampala,Naalya,2024-07,686000.0,UGX
Kampala,Naalya,2024-08,685000.0,UGX
Kampala,Naalya,2024-09,822400.0,UGX
Kampala,Naalya,2024-10,772500.0,UGX
Kampala,Naalya,2024-11,677600.0,UGX
Kampala,Naalya,2024-12,701500.0,UGX
Kampala,Naalya,2025-01,802700.0,UGX
Kampala,Naalya,2025-02,779200.0,UGX
Kampala,Naalya,2025-03,745500.0,UGX
Kampala,Naalya,2025-04,655900.0,UGX
Kampala,Naalya,2025-05,753200.0,UGX
Kampala,Naalya,2025-06,699600.0,UGX
Kampala,Naalya,2025-07,685300.0,UGX
Kampala,Naalya,2025-08,721600.0,UGX
Kampala,Naalya,2025-09,791500.0,UGX
Kampala,Naalya,2025-10,810400.0,UGX
Kampala,Naalya,2025-11,729900.0,UGX
Kampala,Naalya,2025-12,695000.0,UGX
Lagos,Lekki,2024-01,295600.0,NGN
Lagos,Lekki,2024-02,312800.0,NGN
Lagos,Lekki,2024-03,272900.0,NGN
Lagos,Lekki,2024-04,273600.0,NGN
Lagos,Lekki,2024-05,254900.0,NGN
Lagos,Lekki,2024-06,273600.0,NGN
Lagos,Lekki,2024-07,277600.0,NGN
Lagos,Lekki,2024-08,270500.0,NGN
Lagos,Lekki,2024-09,318200.0,NGN
Lagos,Lekki,2024-10,332400.0,NGN
Lagos,Lekki,2024-11,299600.0,NGN
Lagos,Lekki,2024-12,295800.0,NGN
Lagos,Lekki,2025-01,335500.0,NGN
Lagos,Lekki,2025-02,319300.0,NGN
Lagos,Lekki,2025-03,295100.0,NGN
Lagos,Lekki,2025-04,293000.0,NGN
Lagos,Lekki,2025-05,295000.0,NGN
Lagos,Lekki,2025-06,296200.0,NGN
Lagos,Lekki,2025-07,317200.0,NGN
Lagos,Lekki,2025-08,295200.0,NGN
Lagos,Lekki,2025-09,343000.0,NGN
Lagos,Lekki,2025-10,326300.0,NGN
Lagos,Lekki,2025-11,314400.0,NGN
Lagos,Lekki,2025-12,337800.0,NGN
Lagos,Victoria Island,2024-01,290200.0,NGN
Lagos,Victoria Island,2024-02,326200.0,NGN
Lagos,Victoria Island,2024-03,273800.0,NGN
Lagos,Victoria Island,2024-04,258500.0,NGN
Lagos,Victoria Island,2024-05,288000.0,NGN
Lagos,Victoria Island,2024-06,281200.0,NGN
Lagos,Victoria Island,2024-07,268300.0,NGN
Lagos,Victoria Island,2024-08,291200.0,NGN
Lagos,Victoria Island,2024-09,347300.0,NGN
Lagos,Victoria Island,2024-10,349300.0,NGN
Lagos,Victoria Island,2024-11,300400.0,NGN
Lagos,Victoria Island,2024-12,310600.0,NGN
Lagos,Victoria Island,2025-01,329900.0,NGN
Lagos,Victoria Island,2025-02,365400.0,NGN
Lagos,Victoria Island,2025-03,296600.0,NGN
Lagos,Victoria Island,2025-04,308500.0,NGN
Lagos,Victoria Island,2025-05,319500.0,NGN
Lagos,Victoria Island,2025-06,337800.0,NGN
Lagos,Victoria Island,2025-07,328200.0,NGN
Lagos,Victoria Island,2025-08,322900.0,NGN
Lagos,Victoria Island,2025-09,370500.0,NGN
Lagos,Victoria Island,2025-10,400800.0,NGN
Lagos,Victoria Island,2025-11,351300.0,NGN
Lagos,Victoria Island,2025-12,354400.0,NGN
Lagos,Ikoyi,2024-01,267200.0,NGN
Lagos,Ikoyi,2024-02,299400.0,NGN
Lagos,Ikoyi,2024-03,285300.0,NGN
Lagos,Ikoyi,2024-04,281500.0,NGN
Lagos,Ikoyi,2024-05,283800.0,NGN
Lagos,Ikoyi,2024-06,288600.0,NGN
Lagos,Ikoyi,2024-07,284900.0,NGN
Lagos,Ikoyi,2024-08,284500.0,NGN
Lagos,Ikoyi,2024-09,308900.0,NGN
Lagos,Ikoyi,2024-10,330400.0,NGN
Lagos,Ikoyi,2024-11,315700.0,NGN
Lagos,Ikoyi,2024-12,294500.0,NGN
Lagos,Ikoyi,2025-01,342500.0,NGN
Lagos,Ikoyi,2025-02,315400.0,NGN
Lagos,Ikoyi,2025-03,308800.0,NGN
Lagos,Ikoyi,2025-04,330500.0,NGN
Lagos,Ikoyi,2025-05,331300.0,NGN
Lagos,Ikoyi,2025-06,327500.0,NGN
Lagos,Ikoyi,2025-07,311300.0,NGN
Lagos,Ikoyi,2025-08,347000.0,NGN
Lagos,Ikoyi,2025-09,344200.0,NGN
Lagos,Ikoyi,2025-10,353400.0,NGN
Lagos,Ikoyi,2025-11,338000.0,NGN
Lagos,Ikoyi,2025-12,327900.0,NGN
Lagos,Yaba,2024-01,172900.0,NGN
Lagos,Yaba,2024-02,173000.0,NGN
Lagos,Yaba,2024-03,148600.0,NGN
Lagos,Yaba,2024-04,151300.0,NGN
Lagos,Yaba,2024-05,155900.0,NGN
Lagos,Yaba,2024-06,157200.0,NGN
Lagos,Yaba,2024-07,166000.0,NGN
Lagos,Yaba,2024-08,166800.0,NGN
Lagos,Yaba,2024-09,184100.0,NGN
Lagos,Yaba,2024-10,170100.0,NGN
Lagos,Yaba,2024-11,161900.0,NGN
Lagos,Yaba,2024-12,155900.0,NGN
Lagos,Yaba,2025-01,167700.0,NGN
Lagos,Yaba,2025-02,166000.0,NGN
Lagos,Yaba,2025-03,148000.0,NGN
Lagos,Yaba,2025-04,152400.0,NGN
Lagos,Yaba,2025-05,161700.0,NGN
Lagos,Yaba,2025-06,155700.0,NGN
Lagos,Yaba,2025-07,164900.0,NGN
Lagos,Yaba,2025-08,154800.0,NGN
Lagos,Yaba,2025-09,166700.0,NGN
Lagos,Yaba,2025-10,171600.0,NGN
Lagos,Yaba,2025-11,169600.0,NGN
Lagos,Yaba,2025-12,156300.0,NGN
Lagos,Surulere,2024-01,157600.0,NGN
Lagos,Surulere,2024-02,158200.0,NGN
Lagos,Surulere,2024-03,150100.0,NGN
Lagos,Surulere,2024-04,144400.0,NGN
Lagos,Surulere,2024-05,151800.0,NGN
Lagos,Surulere,2024-06,168000.0,NGN
Lagos,Surulere,2024-07,160900.0,NGN
Lagos,Surulere,2024-08,156100.0,NGN
Lagos,Surulere,2024-09,174000.0,NGN
Lagos,Surulere,2024-10,168300.0,NGN
Lagos,Surulere,2024-11,155200.0,NGN
Lagos,Surulere,2024-12,170700.0,NGN
Lagos,Surulere,2025-01,164700.0,NGN
Lagos,Surulere,2025-02,188400.0,NGN
Lagos,Surulere,2025-03,167400.0,NGN
Lagos,Surulere,2025-04,172500.0,NGN
Lagos,Surulere,2025-05,163300.0,NGN
Lagos,Surulere,2025-06,168100.0,NGN
Lagos,Surulere,2025-07,167100.0,NGN
Lagos,Surulere,2025-08,170100.0,NGN
Lagos,Surulere,2025-09,182800.0,NGN
Lagos,Surulere,2025-10,184800.0,NGN
Lagos,Surulere,2025-11,177700.0,NGN
Lagos,Surulere,2025-12,167800.0,NGN
Lagos,Ikeja,2024-01,176800.0,NGN
Lagos,Ikeja,2024-02,165000.0,NGN
Lagos,Ikeja,2024-03,151200.0,NGN
Lagos,Ikeja,2024-04,148600.0,NGN
Lagos,Ikeja,2024-05,156800.0,NGN
Lagos,Ikeja,2024-06,162600.0,NGN
Lagos,Ikeja,2024-07,156700.0,NGN
Lagos,Ikeja,2024-08,169100.0,NGN
Lagos,Ikeja,2024-09,169600.0,NGN
Lagos,Ikeja,2024-10,180500.0,NGN
Lagos,Ikeja,2024-11,158900.0,NGN
Lagos,Ikeja,2024-12,165400.0,NGN
Lagos,Ikeja,2025-01,194000.0,NGN
Lagos,Ikeja,2025-02,182200.0,NGN
Lagos,Ikeja,2025-03,160800.0,NGN
Lagos,Ikeja,2025-04,163400.0,NGN
Lagos,Ikeja,2025-05,178200.0,NGN
Lagos,Ikeja,2025-06,168300.0,NGN
Lagos,Ikeja,2025-07,169800.0,NGN
Lagos,Ikeja,2025-08,154600.0,NGN
Lagos,Ikeja,2025-09,182200.0,NGN
Lagos,Ikeja,2025-10,184600.0,NGN
Lagos,Ikeja,2025-11,176200.0,NGN
Lagos,Ikeja,2025-12,185300.0,NGN
Lagos,Mushin,2024-01,89800.0,NGN
Lagos,Mushin,2024-02,90100.0,NGN
Lagos,Mushin,2024-03,76200.0,NGN
Lagos,Mushin,2024-04,81900.0,NGN
Lagos,Mushin,2024-05,84800.0,NGN
Lagos,Mushin,2024-06,88800.0,NGN
Lagos,Mushin,2024-07,85700.0,NGN
Lagos,Mushin,2024-08,87400.0,NGN
Lagos,Mushin,2024-09,90600.0,NGN
Lagos,Mushin,2024-10,95500.0,NGN
Lagos,Mushin,2024-11,87600.0,NGN
Lagos,Mushin,2024-12,88800.0,NGN
Lagos,Mushin,2025-01,85800.0,NGN
Lagos,Mushin,2025-02,93700.0,NGN
Lagos,Mushin,2025-03,91800.0,NGN
Lagos,Mushin,2025-04,85800.0,NGN
Lagos,Mushin,2025-05,88100.0,NGN
Lagos,Mushin,2025-06,87300.0,NGN
Lagos,Mushin,2025-07,88600.0,NGN
Lagos,Mushin,2025-08,89200.0,NGN
Lagos,Mushin,2025-09,94300.0,NGN
Lagos,Mushin,2025-10,95700.0,NGN
Lagos,Mushin,2025-11,86400.0,NGN
Lagos,Mushin,2025-12,85600.0,NGN
Lagos,Agege,2024-01,83200.0,NGN
Lagos,Agege,2024-02,88900.0,NGN
Lagos,Agege,2024-03,82100.0,NGN
Lagos,Agege,2024-04,89400.0,NGN
Lagos,Agege,2024-05,87500.0,NGN
Lagos,Agege,2024-06,90700.0,NGN
Lagos,Agege,2024-07,89000.0,NGN
Lagos,Agege,2024-08,84700.0,NGN
Lagos,Agege,2024-09,100600.0,NGN
Lagos,Agege,2024-10,95900.0,NGN
Lagos,Agege,2024-11,95700.0,NGN
Lagos,Agege,2024-12,92800.0,NGN
Lagos,Agege,2025-01,103400.0,NGN
Lagos,Agege,2025-02,97100.0,NGN
Lagos,Agege,2025-03,99600.0,NGN
Lagos,Agege,2025-04,104100.0,NGN
Lagos,Agege,2025-05,99300.0,NGN
Lagos,Agege,2025-06,100000.0,NGN
Lagos,Agege,2025-07,98400.0,NGN
Lagos,Agege,2025-08,104700.0,NGN
Lagos,Agege,2025-09,105900.0,NGN
Lagos,Agege,2025-10,103900.0,NGN
Lagos,Agege,2025-11,106900.0,NGN
Lagos,Agege,2025-12,103300.0,NGN
Accra,East Legon,2024-01,5700.0,GHS
Accra,East Legon,2024-02,5500.0,GHS
Accra,East Legon,2024-03,5100.0,GHS
Accra,East Legon,2024-04,5400.0,GHS
Accra,East Legon,2024-05,5700.0,GHS
Accra,East Legon,2024-06,5400.0,GHS
Accra,East Legon,2024-07,5300.0,GHS
Accra,East Legon,2024-08,5300.0,GHS
Accra,East Legon,2024-09,5800.0,GHS
Accra,East Legon,2024-10,6100.0,GHS
Accra,East Legon,2024-11,5800.0,GHS
Accra,East Legon,2024-12,5200.0,GHS
Accra,East Legon,2025-01,6400.0,GHS
Accra,East Legon,2025-02,6400.0,GHS
Accra,East Legon,2025-03,6100.0,GHS
Accra,East Legon,2025-04,5800.0,GHS
Accra,East Legon,2025-05,5700.0,GHS
Accra,East Legon,2025-06,6200.0,GHS
Accra,East Legon,2025-07,5900.0,GHS
Accra,East Legon,2025-08,6000.0,GHS
Accra,East Legon,2025-09,6700.0,GHS
Accra,East Legon,2025-10,7000.0,GHS
Accra,East Legon,2025-11,6400.0,GHS
Accra,East Legon,2025-12,6200.0,GHS
Accra,Cantonments,2024-01,5500.0,GHS
Accra,Cantonments,2024-02,5700.0,GHS
Accra,Cantonments,2024-03,5800.0,GHS
Accra,Cantonments,2024-04,5700.0,GHS
Accra,Cantonments,2024-05,5800.0,GHS
Accra,Cantonments,2024-06,5600.0,GHS
Accra,Cantonments,2024-07,5300.0,GHS
Accra,Cantonments,2024-08,5300.0,GHS
Accra,Cantonments,2024-09,6900.0,GHS
Accra,Cantonments,2024-10,6500.0,GHS
Accra,Cantonments,2024-11,5600.0,GHS
Accra,Cantonments,2024-12,5700.0,GHS
Accra,Cantonments,2025-01,6500.0,GHS
Accra,Cantonments,2025-02,6500.0,GHS
Accra,Cantonments,2025-03,6000.0,GHS
Accra,Cantonments,2025-04,6300.0,GHS
Accra,Cantonments,2025-05,6300.0,GHS
Accra,Cantonments,2025-06,6200.0,GHS
Accra,Cantonments,2025-07,6100.0,GHS
Accra,Cantonments,2025-08,5700.0,GHS
Accra,Cantonments,2025-09,6700.0,GHS
Accra,Cantonments,2025-10,7100.0,GHS
Accra,Cantonments,2025-11,6300.0,GHS
Accra,Cantonments,2025-12,6300.0,GHS
Accra,Airport Hills,2024-01,3200.0,GHS
Accra,Airport Hills,2024-02,3100.0,GHS
Accra,Airport Hills,2024-03,3200.0,GHS
Accra,Airport Hills,2024-04,3200.0,GHS
Accra,Airport Hills,2024-05,3200.0,GHS
Accra,Airport Hills,2024-06,3100.0,GHS
Accra,Airport Hills,2024-07,3200.0,GHS
Accra,Airport Hills,2024-08,3200.0,GHS
Accra,Airport Hills,2024-09,3600.0,GHS
Accra,Airport Hills,2024-10,3600.0,GHS
Accra,Airport Hills,2024-11,3400.0,GHS
Accra,Airport Hills,2024-12,3400.0,GHS
Accra,Airport Hills,2025-01,3800.0,GHS
Accra,Airport Hills,2025-02,3700.0,GHS
Accra,Airport Hills,2025-03,3400.0,GHS
Accra,Airport Hills,2025-04,3300.0,GHS
Accra,Airport Hills,2025-05,3500.0,GHS
Accra,Airport Hills,2025-06,3400.0,GHS
Accra,Airport Hills,2025-07,3500.0,GHS
Accra,Airport Hills,2025-08,3500.0,GHS
Accra,Airport Hills,2025-09,3700.0,GHS
Accra,Airport Hills,2025-10,3800.0,GHS
Accra,Airport Hills,2025-11,3600.0,GHS
Accra,Airport Hills,2025-12,3900.0,GHS
Accra,Tema,2024-01,3400.0,GHS
Accra,Tema,2024-02,3300.0,GHS
Accra,Tema,2024-03,2900.0,GHS
Accra,Tema,2024-04,3000.0,GHS
Accra,Tema,2024-05,3000.0,GHS
Accra,Tema,2024-06,3000.0,GHS
Accra,Tema,2024-07,3000.0,GHS
Accra,Tema,2024-08,2900.0,GHS
Accra,Tema,2024-09,3700.0,GHS
Accra,Tema,2024-10,3500.0,GHS
Accra,Tema,2024-11,3200.0,GHS
Accra,Tema,2024-12,3100.0,GHS
Accra,Tema,2025-01,3600.0,GHS
Accra,Tema,2025-02,3500.0,GHS
Accra,Tema,2025-03,3100.0,GHS
Accra,Tema,2025-04,3200.0,GHS
Accra,Tema,2025-05,3500.0,GHS
Accra,Tema,2025-06,3100.0,GHS
Accra,Tema,2025-07,3200.0,GHS
Accra,Tema,2025-08,3300.0,GHS
Accra,Tema,2025-09,3800.0,GHS
Accra,Tema,2025-10,3700.0,GHS
Accra,Tema,2025-11,3400.0,GHS
Accra,Tema,2025-12,3400.0,GHS
Accra,Adenta,2024-01,1800.0,GHS
Accra,Adenta,2024-02,1700.0,GHS
Accra,Adenta,2024-03,1600.0,GHS
Accra,Adenta,2024-04,1600.0,GHS
Accra,Adenta,2024-05,1700.0,GHS
Accra,Adenta,2024-06,1700.0,GHS
Accra,Adenta,2024-07,1600.0,GHS
Accra,Adenta,2024-08,1700.0,GHS
Accra,Adenta,2024-09,2000.0,GHS
Accra,Adenta,2024-10,1900.0,GHS
Accra,Adenta,2024-11,1700.0,GHS
Accra,Adenta,2024-12,1700.0,GHS
Accra,Adenta,2025-01,1800.0,GHS
Accra,Adenta,2025-02,1900.0,GHS
Accra,Adenta,2025-03,1600.0,GHS
Accra,Adenta,2025-04,1700.0,GHS
Accra,Adenta,2025-05,1700.0,GHS
Accra,Adenta,2025-06,1700.0,GHS
Accra,Adenta,2025-07,1600.0,GHS
Accra,Adenta,2025-08,1800.0,GHS
Accra,Adenta,2025-09,1900.0,GHS
Accra,Adenta,2025-10,1900.0,GHS
Accra,Adenta,2025-11,1700.0,GHS
Accra,Adenta,2025-12,1700.0,GHS
Accra,Ashaiman,2024-01,1800.0,GHS
Accra,Ashaiman,2024-02,1800.0,GHS
Accra,Ashaiman,2024-03,1600.0,GHS
Accra,Ashaiman,2024-04,1700.0,GHS
Accra,Ashaiman,2024-05,1700.0,GHS
Accra,Ashaiman,2024-06,1900.0,GHS
Accra,Ashaiman,2024-07,1800.0,GHS
Accra,Ashaiman,2024-08,1600.0,GHS
Accra,Ashaiman,2024-09,1900.0,GHS
Accra,Ashaiman,2024-10,1900.0,GHS
Accra,Ashaiman,2024-11,1800.0,GHS
Accra,Ashaiman,2024-12,2000.0,GHS
Accra,Ashaiman,2025-01,2000.0,GHS
Accra,Ashaiman,2025-02,2100.0,GHS
Accra,Ashaiman,2025-03,1900.0,GHS
Accra,Ashaiman,2025-04,2100.0,GHS
Accra,Ashaiman,2025-05,1900.0,GHS
Accra,Ashaiman,2025-06,2000.0,GHS
Accra,Ashaiman,2025-07,2000.0,GHS
Accra,Ashaiman,2025-08,2100.0,GHS
Accra,Ashaiman,2025-09,2400.0,GHS
Accra,Ashaiman,2025-10,2200.0,GHS
Accra,Ashaiman,2025-11,2100.0,GHS
Accra,Ashaiman,2025-12,2100.0,GHS
Dar es Salaam,Msasani,2024-01,1611800.0,TZS
Dar es Salaam,Msasani,2024-02,1643300.0,TZS
Dar es Salaam,Msasani,2024-03,1476900.0,TZS
Dar es Salaam,Msasani,2024-04,1606900.0,TZS
Dar es Salaam,Msasani,2024-05,1464900.0,TZS
Dar es Salaam,Msasani,2024-06,1521200.0,TZS
Dar es Salaam,Msasani,2024-07,1460800.0,TZS
Dar es Salaam,Msasani,2024-08,1569200.0,TZS
Dar es Salaam,Msasani,2024-09,1668900.0,TZS
Dar es Salaam,Msasani,2024-10,1707800.0,TZS
Dar es Salaam,Msasani,2024-11,1566100.0,TZS
Dar es Salaam,Msasani,2024-12,1600500.0,TZS
Dar es Salaam,Msasani,2025-01,1817800.0,TZS
Dar es Salaam,Msasani,2025-02,1784600.0,TZS
Dar es Salaam,Msasani,2025-03,1752900.0,TZS
Dar es Salaam,Msasani,2025-04,1732200.0,TZS
Dar es Salaam,Msasani,2025-05,1755600.0,TZS
Dar es Salaam,Msasani,2025-06,1648700.0,TZS
Dar es Salaam,Msasani,2025-07,1655500.0,TZS
Dar es Salaam,Msasani,2025-08,1618000.0,TZS
Dar es Salaam,Msasani,2025-09,1781300.0,TZS
Dar es Salaam,Msasani,2025-10,1884100.0,TZS
Dar es Salaam,Msasani,2025-11,1733600.0,TZS
Dar es Salaam,Msasani,2025-12,1703600.0,TZS
Dar es Salaam,Oyster Bay,2024-01,1615200.0,TZS
Dar es Salaam,Oyster Bay,2024-02,1606900.0,TZS
Dar es Salaam,Oyster Bay,2024-03,1477100.0,TZS
Dar es Salaam,Oyster Bay,2024-04,1487100.0,TZS
Dar es Salaam,Oyster Bay,2024-05,1581600.0,TZS
Dar es Salaam,Oyster Bay,2024-06,1500700.0,TZS
Dar es Salaam,Oyster Bay,2024-07,1479600.0,TZS
Dar es Salaam,Oyster Bay,2024-08,1528300.0,TZS
Dar es Salaam,Oyster Bay,2024-09,1555500.0,TZS
Dar es Salaam,Oyster Bay,2024-10,1709400.0,TZS
Dar es Salaam,Oyster Bay,2024-11,1689500.0,TZS
Dar es Salaam,Oyster Bay,2024-12,1535600.0,TZS
Dar es Salaam,Oyster Bay,2025-01,1709900.0,TZS
Dar es Salaam,Oyster Bay,2025-02,1754900.0,TZS
Dar es Salaam,Oyster Bay,2025-03,1713100.0,TZS
Dar es Salaam,Oyster Bay,2025-04,1625100.0,TZS
Dar es Salaam,Oyster Bay,2025-05,1791800.0,TZS
Dar es Salaam,Oyster Bay,2025-06,1756700.0,TZS
Dar es Salaam,Oyster Bay,2025-07,1830600.0,TZS
Dar es Salaam,Oyster Bay,2025-08,1808700.0,TZS
Dar es Salaam,Oyster Bay,2025-09,1791500.0,TZS
Dar es Salaam,Oyster Bay,2025-10,2069600.0,TZS
Dar es Salaam,Oyster Bay,2025-11,1842500.0,TZS
Dar es Salaam,Oyster Bay,2025-12,1726900.0,TZS
Dar es Salaam,Kinondoni,2024-01,874500.0,TZS
Dar es Salaam,Kinondoni,2024-02,879900.0,TZS
Dar es Salaam,Kinondoni,2024-03,816500.0,TZS
Dar es Salaam,Kinondoni,2024-04,796600.0,TZS
Dar es Salaam,Kinondoni,2024-05,778700.0,TZS
Dar es Salaam,Kinondoni,2024-06,865400.0,TZS
Dar es Salaam,Kinondoni,2024-07,807100.0,TZS
Dar es Salaam,Kinondoni,2024-08,840100.0,TZS
Dar es Salaam,Kinondoni,2024-09,948400.0,TZS
Dar es Salaam,Kinondoni,2024-10,933600.0,TZS
Dar es Salaam,Kinondoni,2024-11,884800.0,TZS
Dar es Salaam,Kinondoni,2024-12,865900.0,TZS
Dar es Salaam,Kinondoni,2025-01,974000.0,TZS
Dar es Salaam,Kinondoni,2025-02,969500.0,TZS
Dar es Salaam,Kinondoni,2025-03,948700.0,TZS
Dar es Salaam,Kinondoni,2025-04,921200.0,TZS
Dar es Salaam,Kinondoni,2025-05,951100.0,TZS
Dar es Salaam,Kinondoni,2025-06,923600.0,TZS
Dar es Salaam,Kinondoni,2025-07,916700.0,TZS
Dar es Salaam,Kinondoni,2025-08,1002100.0,TZS
Dar es Salaam,Kinondoni,2025-09,1011200.0,TZS
Dar es Salaam,Kinondoni,2025-10,1026100.0,TZS
Dar es Salaam,Kinondoni,2025-11,960400.0,TZS
Dar es Salaam,Kinondoni,2025-12,1023900.0,TZS
Dar es Salaam,Mikocheni,2024-01,848300.0,TZS
Dar es Salaam,Mikocheni,2024-02,877600.0,TZS
Dar es Salaam,Mikocheni,2024-03,821500.0,TZS
Dar es Salaam,Mikocheni,2024-04,822800.0,TZS
Dar es Salaam,Mikocheni,2024-05,855600.0,TZS
Dar es Salaam,Mikocheni,2024-06,872900.0,TZS
Dar es Salaam,Mikocheni,2024-07,864200.0,TZS
Dar es Salaam,Mikocheni,2024-08,831600.0,TZS
Dar es Salaam,Mikocheni,2024-09,926000.0,TZS
Dar es Salaam,Mikocheni,2024-10,1093300.0,TZS
Dar es Salaam,Mikocheni,2024-11,809200.0,TZS
Dar es Salaam,Mikocheni,2024-12,863500.0,TZS
Dar es Salaam,Mikocheni,2025-01,1035900.0,TZS
Dar es Salaam,Mikocheni,2025-02,991200.0,TZS
Dar es Salaam,Mikocheni,2025-03,918300.0,TZS
Dar es Salaam,Mikocheni,2025-04,890100.0,TZS
Dar es Salaam,Mikocheni,2025-05,893900.0,TZS
Dar es Salaam,Mikocheni,2025-06,943600.0,TZS
Dar es Salaam,Mikocheni,2025-07,911200.0,TZS
Dar es Salaam,Mikocheni,2025-08,944800.0,TZS
Dar es Salaam,Mikocheni,2025-09,1079300.0,TZS
Dar es Salaam,Mikocheni,2025-10,1109700.0,TZS
Dar es Salaam,Mikocheni,2025-11,962000.0,TZS
Dar es Salaam,Mikocheni,2025-12,1010000.0,TZS
Dar es Salaam,Mbagala,2024-01,457700.0,TZS
Dar es Salaam,Mbagala,2024-02,464000.0,TZS
Dar es Salaam,Mbagala,2024-03,439700.0,TZS
Dar es Salaam,Mbagala,2024-04,464300.0,TZS
Dar es Salaam,Mbagala,2024-05,433300.0,TZS
Dar es Salaam,Mbagala,2024-06,481100.0,TZS
Dar es Salaam,Mbagala,2024-07,449500.0,TZS
Dar es Salaam,Mbagala,2024-08,458100.0,TZS
Dar es Salaam,Mbagala,2024-09,536500.0,TZS
Dar es Salaam,Mbagala,2024-10,538100.0,TZS
Dar es Salaam,Mbagala,2024-11,477400.0,TZS
Dar es Salaam,Mbagala,2024-12,467200.0,TZS
Dar es Salaam,Mbagala,2025-01,525800.0,TZS
Dar es Salaam,Mbagala,2025-02,529700.0,TZS
Dar es Salaam,Mbagala,2025-03,492700.0,TZS
Dar es Salaam,Mbagala,2025-04,506400.0,TZS
Dar es Salaam,Mbagala,2025-05,508400.0,TZS
Dar es Salaam,Mbagala,2025-06,519100.0,TZS
Dar es Salaam,Mbagala,2025-07,533800.0,TZS
Dar es Salaam,Mbagala,2025-08,501800.0,TZS
Dar es Salaam,Mbagala,2025-09,551000.0,TZS
Dar es Salaam,Mbagala,2025-10,550000.0,TZS
Dar es Salaam,Mbagala,2025-11,520100.0,TZS
Dar es Salaam,Mbagala,2025-12,487400.0,TZS
Dar es Salaam,Temeke,2024-01,485000.0,TZS
Dar es Salaam,Temeke,2024-02,482700.0,TZS
Dar es Salaam,Temeke,2024-03,452500.0,TZS
Dar es Salaam,Temeke,2024-04,413500.0,TZS
Dar es Salaam,Temeke,2024-05,440400.0,TZS
Dar es Salaam,Temeke,2024-06,484900.0,TZS
Dar es Salaam,Temeke,2024-07,490200.0,TZS
Dar es Salaam,Temeke,2024-08,445400.0,TZS
Dar es Salaam,Temeke,2024-09,558900.0,TZS
Dar es Salaam,Temeke,2024-10,542700.0,TZS
Dar es Salaam,Temeke,2024-11,497200.0,TZS
Dar es Salaam,Temeke,2024-12,466400.0,TZS
Dar es Salaam,Temeke,2025-01,565600.0,TZS
Dar es Salaam,Temeke,2025-02,606400.0,TZS
Dar es Salaam,Temeke,2025-03,481000.0,TZS
Dar es Salaam,Temeke,2025-04,508100.0,TZS
Dar es Salaam,Temeke,2025-05,508000.0,TZS
Dar es Salaam,Temeke,2025-06,508500.0,TZS
Dar es Salaam,Temeke,2025-07,535300.0,TZS
Dar es Salaam,Temeke,2025-08,539300.0,TZS
Dar es Salaam,Temeke,2025-09,585300.0,TZS
Dar es Salaam,Temeke,2025-10,624600.0,TZS
Dar es Salaam,Temeke,2025-11,576500.0,TZS
Dar es Salaam,Temeke,2025-12,619700.0,TZS
